시군구,시장명,점포명,점포(ID),분류,소재지도로명주소,소재지지번주소,위도,경도,전화번호,홈페이지,배달서비스,취급품목,주력상품,비고,데이터기준일자
북구,말바우시장,영암상회,525,도소매,광주광역시 북구 동문대로 87-1,광주광역시 북구 우산동 231-67,35.17174218,126.9232227,062-267-0414,,N,식료품,"식료품, 생활용품",,2021-09-13
북구,말바우시장,광명축산,526,도소매,광주광역시 북구 동문대로 87-2,광주광역시 북구 우산동 231-49,35.17176757,126.9234066,,,N,축산물,"갈비, 삼겹살",,2021-09-13
북구,말바우시장,행복한떡집,527,도소매,광주광역시 북구 동문대로 87-2,광주광역시 북구 우산동 231-49,35.17175409,126.9233877,062-222-0746,,N,"떡, 한과","떡케익, 개업떡",,2021-09-13
북구,말바우시장,나일약국,528,도소매,광주광역시 북구 동문대로 95,광주광역시 북구 우산동 231-15,35.17219602,126.9239651,062-264-1558,,N,의약품,의약품,,2021-09-13
북구,말바우시장,청송말바우수퍼,529,도소매,광주광역시 북구 동문대로 97,광주광역시 북구 우산동 231-13,35.17229396,126.9241212,062-261-7345,,N,잡화,"담배, 꽃",,2021-09-13
북구,말바우시장,광일열쇠,530,도소매,광주광역시 북구 동문대로 101,광주광역시 북구 우산동 208-27,35.17254538,126.9243499,062-266-1472,,N,"열쇠, 공구","열쇠, 타일, 공구",,2021-09-13
북구,말바우시장,이브자리코디센 우산점,531,도소매,광주광역시 북구 동문대로 103,광주광역시 북구 우산동 208-10,35.17276665,126.9245859,062-262-8086,https://www.instagram.com/evezary_usan/,Y,"침구, 커튼",침구,,2021-09-13
북구,말바우시장,한국인삼,532,도소매,광주광역시 북구 동문대로 109,광주광역시 북구 우산동 208-26,35.17309619,126.9249746,,,N,건강기능보조식품,"토종꿀, 홍삼",,2021-09-13
북구,말바우시장,정성약국,533,도소매,광주광역시 북구 동문대로 115,광주광역시 북구 우산동 207-9,35.17351748,126.9253181,062-266-4100,,N,의약품,의약품,,2021-09-13
북구,말바우시장,트라이,534,도소매,광주광역시 북구 서방로 81,광주광역시 북구 우산동 189-56,35.1728734,126.9203378,062-252-3745,,N,도소매,"바지,속옷",,2021-09-13
북구,말바우시장,모아신발,535,도소매,광주광역시 북구 서방로 81,광주광역시 북구 우산동 189-56,35.17286297,126.920337,062-262-8154,,N,도소매,신발,,2021-09-13
북구,말바우시장,옹구건강원,536,도소매,광주광역시 북구 서방로 81,광주광역시 북구 우산동 189-56,35.17285254,126.9203338,062-265-0492,,N,도소매,고추,,2021-09-13
북구,말바우시장,명인수산,537,수산물,광주광역시 북구 동문대로85번길 62(우산동),광주광역시 북구 우산동 185-23,35.17284406,126.9203306,,,N,수산물,목포참조기,,2021-09-13
북구,말바우시장,순창한우,538,축산물,광주광역시 북구 서방로81번길 5,광주광역시 북구 우산동 189-40,35.17282972,126.920329,062-268-1231,,N,축산물,"꽃등심,등심,소양",,2021-09-13
북구,말바우시장,일조방앗간,539,방앗간,광주광역시 북구 서방로81번길 5,광주광역시 북구 우산동 189-40,35.17283168,126.9203314,062-264-3089,,N,방앗간,"참기름,들기름,들깨가루",,2021-09-13
북구,말바우시장,연하소머리국밥,540,반찬가게,광주광역시 북구 서방로81번길 7,광주광역시 북구 우산동 189-39,35.17282777,126.9203298,,,N,반찬가게,소머리국밥,,2021-09-13
북구,말바우시장,대박돈까스,541,음식점,광주광역시 북구 서방로81번길 7,광주광역시 북구 우산동 189-39,35.17288122,126.9203529,062-251-0678,,N,음식점,수제돈까스,,2021-09-13
북구,말바우시장,신안염산젓갈,542,도소매,광주광역시 북구 동문대로85번길 62(우산동),광주광역시 북구 우산동 185-23,35.17289491,126.9203561,,,N,도소매,젓갈,,2021-09-13
북구,말바우시장,알뜰그릇,543,도소매,광주광역시 북구 서방로81번길 9,광주광역시 북구 우산동 189-38,35.17286232,126.9203266,062-265-2715,,N,도소매,그릇,,2021-09-13
북구,말바우시장,명성참기름 1호점,544,도소매,광주광역시 북구 서방로81번길 15,광주광역시 북구 우산동 189-31,35.17285319,126.9203266,,,N,도소매,"새싹보리,율무,찰보리쌀",,2021-09-13
북구,말바우시장,우정참기름,545,도소매,광주광역시 북구 동문대로85번길 62(우산동),광주광역시 북구 우산동 185-23,35.17282255,126.9203298,,,N,도소매,"귀리,콩가루",,2021-09-13
북구,말바우시장,유명축산,546,축산물,광주광역시 북구 동문대로85번길 62(우산동),광주광역시 북구 우산동 185-23,35.17289765,126.9203446,062-265-8706,,N,축산물,"꽃등심,등심",,2021-09-13
북구,말바우시장,명성참기름 3호점,547,도소매,광주광역시 북구 동문대로85번길 62(우산동),광주광역시 북구 우산동 185-23,35.17289107,126.9203339,062-266-5315,,N,도소매,"해바라기씨,호박씨,호두",,2021-09-13
북구,말바우시장,한빛축산,548,축산물,광주광역시 북구 서방로81번길 17,광주광역시 북구 우산동 189-30,35.17287298,126.9203258,062-261-6160,,N,축산물,"갈비,목살,안심,삼겹살",,2021-09-13
북구,말바우시장,고흥어부네수산,549,수산물,광주광역시 북구 동문대로85번길 7,광주광역시 북구 우산동 232-3,35.17171107,126.922746,062-262-3777,,N,수산물,"전어, 전어회",,2021-09-13
북구,말바우시장,생약초,550,도소매,광주광역시 북구 동문대로85번길 7,광주광역시 북구 우산동 232-3,35.17169752,126.9227537,,,N,약초,"두춧, 둥글래",,2021-09-13
북구,말바우시장,말바우버섯,551,소매,광주광역시 북구 서방로 84,광주광역시 북구 우산동 254-2,35.17118511,126.9215574,062-515-9956,,N,임업,"느타리 버섯, 송이 버섯",,2021-09-13
북구,말바우시장,미성팥죽,552,음식점,광주광역시 북구 동문대로 83-1,광주광역시 북구 우산동 232-5,35.17158568,126.9229749,062-266-8187,,N,음식점,팥죽,,2021-09-13
북구,말바우시장,금농상회,553,도소매,광주광역시 북구 동문대로 83-1,광주광역시 북구 우산동 232-5,35.17158349,126.9229675,062-266-6402,,N,도소매,"고추, 녹두, 팥, 백태",,2021-09-13
북구,말바우시장,남형신쌀집,554,도소매,광주광역시 북구 동문대로 83-1,광주광역시 북구 우산동 232-5,35.1715791,126.9229695,,,N,곡류,"찰보리쌀, 보리쌀, 팥",,2021-09-13
북구,말바우시장,방충야채,555,소매,광주광역시 북구 동문대로 83-1,광주광역시 북구 우산동 232-5,35.17157417,126.9229722,,,N,야채,"배추,감자,양파",,2021-09-13
북구,말바우시장,여수수산,556,도소매,광주광역시 북구 동문대로 83-2,광주광역시 북구 우산동 232-5,35.17158513,126.9229574,,,N,수산물,"굴비,전어,오징어",,2021-09-13
북구,말바우시장,자연수산,557,도소매,광주광역시 북구 동문대로 83-1,광주광역시 북구 우산동 232-5,35.17157855,126.9229641,,,N,수산물,"대하, 조기",,2021-09-13
북구,말바우시장,제일전집,558,반찬,광주광역시 북구 동문대로85번길 8,광주광역시 북구 우산동 231-70,35.17178258,126.9229567,062-265-2831,,N,한정식,전,,2021-09-13
북구,말바우시장,짱구네축산물,559,축산물,광주광역시 북구 동문대로85번길 8,광주광역시 북구 우산동 231-70,35.17178198,126.9229537,062-262-7707,,N,축산물,돼지고기,,2021-09-13
북구,말바우시장,행복떡집,560,떡방앗간,광주광역시 북구 동문대로85번길 5,광주광역시 북구 우산동 232-4,35.17178561,126.9229471,,,N,"떡, 한과","송편, 쑥떡, 시루떡",,2021-09-13
북구,말바우시장,부산충무수산,561,수산물,광주광역시 북구 동문대로85번길 8,광주광역시 북구 우산동 231-70,35.17178622,126.9229641,,,N,수산물,활어,,2021-09-13
북구,말바우시장,화정방앗간,562,방앗간,광주광역시 북구 동문대로85번길 12,광주광역시 북구 우산동 231-72,35.171953,126.9228245,062-264-0186,,N,곡류,"검정깨,메주콩",,2021-09-14
북구,말바우시장,대하당한약,563,한약방,광주광역시 북구 동문대로85번길 14,광주광역시 북구 우산동 231-73,35.17198418,126.922738,062-266-3375,,N,한약,"산수유환,민들레,강황한",,2021-09-14
북구,말바우시장,민도수산,564,수산물,광주광역시 북구 동문대로85번길 14,광주광역시 북구 우산동 231-73,35.17198308,126.9227474,,,N,수산물,"전어, 굴비",,2021-09-14
북구,말바우시장,삼성당한약,565,한약방,광주광역시 북구 동문대로85번길 14,광주광역시 북구 우산동 231-73,35.17197267,126.922744,062-266-4070,,N,한약,"우슬,여주환,여주",,2021-09-14
북구,말바우시장,신성축산물할인점,566,축산물,광주광역시 북구 동문대로85번길 14,광주광역시 북구 우산동 231-73,35.17197486,126.9227393,,,N,축산물,돼지고기,,2021-09-14
북구,말바우시장,알로에수산,567,수산물,광주광역시 북구 동문대로85번길 14,광주광역시 북구 우산동 231-73,35.17197651,126.9227326,,,N,수산물,전어,,2021-09-14
북구,말바우시장,식육점,568,축산물,광주광역시 북구 동문대로85번길 18,광주광역시 북구 우산동 231-75,35.17216117,126.9225566,062-251-4887,,N,축산물,돼지고기,,2021-09-14
북구,말바우시장,자생건강약초,569,도소매,광주광역시 북구 동문대로85번길 20,광주광역시 북구 우산동 231-76,35.17215678,126.9225492,062-470-0039,,N,도소매,"엄나무,옻나무",,2021-09-14
북구,말바우시장,천연간수로 만든 두부,570,소매,광주광역시 북구 동문대로85번길 18,광주광역시 북구 우산동 231-75,35.17216172,126.9225465,,,N,소매,두부,,2021-09-14
북구,말바우시장,희망건강원,571,도소매,광주광역시 북구 서방로73번길 42,광주광역시 북구 우산동 191-16,35.17356993,126.9215829,062-265-5084,,N,건강기능보조식품,"흑염소, 배즙",,2021-09-14
북구,말바우시장,말바우얼음,572,도소매,광주광역시 북구 서방로73번길 39,광주광역시 북구 우산동 183-5,35.17362265,126.9213504,062-265-4350,,N,얼음,"얼음, 스티로폼박스",,2021-09-14
북구,말바우시장,말바우옹기,573,도소매,광주광역시 북구 동문대로97번길 55,광주광역시 북구 우산동 190-1,35.17293618,126.9213886,,,N,"옹기, 화분","옹기, 화분",,2021-09-14
북구,말바우시장,분식,574,음식점,광주광역시 북구 동문대로97번길 55,광주광역시 북구 우산동 190-1,35.17292499,126.9213975,,,N,분식,김밥,,2021-09-14
북구,말바우시장,명성한방건강원,575,도소매,광주광역시 북구 서방로73번길 31,광주광역시 북구 우산동 184-10,35.17329376,126.9212165,062-524-1249,,N,건강기능보조식품,"흑염소, 건어물",,2021-09-14
북구,말바우시장,센스가방,576,도소매,광주광역시 북구 동문대로97번길 55,광주광역시 북구 우산동 190-1,35.17293371,126.92137,062-251-0303,,N,잡화,"가방, 지갑, 벨트",,2021-09-14
북구,말바우시장,말바우야채,577,도소매,광주광역시 북구 동문대로97번길 7,광주광역시 북구 우산동 231-9,35.17292499,126.9213789,,,N,채소,각종 채소,,2021-09-14
북구,말바우시장,장마당식당,578,음식점,광주광역시 북구 동문대로97번길 55,광주광역시 북구 우산동 190-1,35.17293007,126.9213931,,,N,한식,찌개류,,2021-09-14
북구,말바우시장,여수수산홍어전문점,579,도소매,광주광역시 북구 동문대로97번길 55,광주광역시 북구 우산동 190-1,35.17292789,126.9213824,062-267-9038,,Y,수산물,홍어,,2021-09-14
북구,말바우시장,문암방앗간,580,도소매,광주광역시 북구 서방로73번길 29,광주광역시 북구 우산동 184-11,35.17319518,126.9211822,062-263-5278,,N,"참기름, 들깨","참기름, 들기름, 고추가루",,2021-09-14
북구,말바우시장,우리수산,581,도소매,광주광역시 북구 동문대로97번길 55,광주광역시 북구 우산동 190-1,35.17294242,126.9213966,,,N,수산물,"갈치, 조기, 고등어",,2021-09-14
북구,말바우시장,포미나란제리,582,도소매,광주광역시 북구 중문로10번길 49,광주광역시 북구 우산동 184-12,35.17308758,126.9211484,,,N,의류,"속옷, 양말",,2021-09-14
북구,말바우시장,해담수산,583,도소매,광주광역시 북구 동문대로97번길 55,광주광역시 북구 우산동 190-1,35.17293879,126.9213647,,,N,수산물,"갈치, 조기",,2021-09-14
북구,말바우시장,풍미식육점,584,도소매,광주광역시 북구 서방로81번길 27,광주광역시 북구 우산동 190-2,35.17295187,126.921378,062-262-7309,,N,축산물,"머리고기, 한우",,2021-09-14
북구,말바우시장,동신닭오리건강원,585,도소매,광주광역시 북구 중문로10번길 49,광주광역시 북구 우산동 184-12,35.17308484,126.9211518,062-266-0527,,N,건강기능보조식품,"닭발, 촌닭",,2021-09-14
북구,말바우시장,영애수산,586,도소매,광주광역시 북구 중문로10번길 52,광주광역시 북구 우산동 185-8,35.17292554,126.9211087,,,N,수산물,"갈치, 조기",,2021-09-14
북구,말바우시장,장성건어물,587,도소매,광주광역시 북구 동문대로85번길 62(우산동),광주광역시 북구 우산동 185-23,35.17287135,126.9203367,,,N,도소매,"고구마,멸치,다시마",,2021-09-14
북구,말바우시장,장성한우,588,정육점,광주광역시 북구 동문대로85번길 23,광주광역시 북구 우산동 189-29,35.17286367,126.920338,062-262-2169,,N,정육점,"소고기,돼지고기",,2021-09-14
북구,말바우시장,희영상회,589,도소매,광주광역시 북구 동문대로85번길 62(우산동),광주광역시 북구 우산동 185-23,35.17286093,126.9203374,,,N,도소매,고추,,2021-09-14
북구,말바우시장,윤화상회,590,도소매,광주광역시 북구 동문대로85번길 62(우산동),광주광역시 북구 우산동 185-23,35.17286751,126.920328,,,N,도소매,"시금치,쪽파,생강",,2021-09-14
북구,말바우시장,고사리,591,도소매,광주광역시 북구 동문대로85번길 62(우산동),광주광역시 북구 우산동 185-23,35.1728571,126.9203307,,,N,도소매,"마늘,쪽파",,2021-09-14
북구,말바우시장,바우바우,592,도소매,광주광역시 북구 동문대로85번길 62(우산동),광주광역시 북구 우산동 185-23,35.1728549,126.9203394,,,N,도소매,"도라지,더덕",,2021-09-14
북구,말바우시장,우산상회,593,도소매,광주광역시 북구 동문대로85번길 62(우산동),광주광역시 북구 우산동 185-23,35.17284942,126.9203387,,,N,도소매,고추,,2021-09-14
북구,말바우시장,말바우쌀집,594,도소매,광주광역시 북구 동문대로85번길 62(우산동),광주광역시 북구 우산동 185-23,35.17287957,126.9203447,,,N,도소매,"현미,귀리,햇보리",,2021-09-14
북구,말바우시장,서방상회,595,도소매,광주광역시 북구 동문대로85번길 62(우산동),광주광역시 북구 우산동 185-23,35.17286751,126.9203286,,,N,도소매,"귀리,흰콩,찰수수,찹쌀",,2021-09-14
북구,말바우시장,대경수산,596,도소매,광주광역시 북구 동문대로85번길 62(우산동),광주광역시 북구 우산동 185-23,35.17286806,126.9203179,,,N,도소매,"햇사과,마늘,배,바나나",,2021-09-14
북구,말바우시장,과역수산,597,도소매,광주광역시 북구 동문대로85번길 62(우산동),광주광역시 북구 우산동 185-23,35.17287464,126.9203072,,,N,도소매,"조기,꼬막",,2021-09-14
북구,말바우시장,할머니고추,598,도소매,광주광역시 북구 동문대로85번길 62(우산동),광주광역시 북구 우산동 185-23,35.17288505,126.9202965,062-266-9703,,N,도소매,"돈부,겉보리,상주,고추",,2021-09-14
북구,말바우시장,명성고추,599,도소매,광주광역시 북구 동문대로85번길 62(우산동),광주광역시 북구 우산동 185-23,35.17288121,126.9202911,,,N,도소매,고추,,2021-09-14
북구,말바우시장,익산상회,600,도소매,광주광역시 북구 동문대로85번길 62(우산동),광주광역시 북구 우산동 185-23,35.17287628,126.9202884,,,N,도소매,"더덕,올벼반되,누룽지",,2021-09-14
북구,말바우시장,신안지도수산,601,수산물,광주광역시 북구 동문대로85번길 62(우산동),광주광역시 북구 우산동 185-23,35.17287518,126.9202844,,,Y,수산물,"낙지,문어,장어,전복",,2021-09-14
북구,말바우시장,말바우그횟집,602,생선회,광주광역시 북구 동문대로85번길 64,광주광역시 북구 우산동 185-24,35.17286477,126.9202871,,,N,생선회,"가울전어,숭어",,2021-09-14
북구,말바우시장,궁중명가,603,도소매,광주광역시 북구 동문대로85번길 64,광주광역시 북구 우산동 185-24,35.17286039,126.920283,062-268-5125,,N,떡집,"떡케익,폐백",,2021-09-14
북구,말바우시장,장터할인마트,604,도소매,광주광역시 북구 서방로63번길 16,광주광역시 북구 우산동 185-25,35.17285381,126.9202777,062-261-9085,,N,"슈퍼,마트","슈퍼,마트",,2021-09-14
북구,말바우시장,충현교회,605,도소매,광주광역시 북구 동문대로85번길 62(우산동),광주광역시 북구 우산동 185-23,35.17285326,126.920277,062-269-2997,,N,교회,교회,,2021-09-14
북구,말바우시장,망월식육식당,606,음식점,광주광역시 북구 서방로63번길 18,광주광역시 북구 우산동 185-1,35.17284449,126.920275,062-514-4858,,N,한식,"고기,생고기",,2021-09-14
북구,말바우시장,말바우방앗간,607,도소매,광주광역시 북구 서방로63번길 21,광주광역시 북구 우산동 174-15,35.17284559,126.920275,062-262-9060,,N,방앗간,"참기름,들기름,선식",,2021-09-14
북구,말바우시장,우정식당,608,음식점,광주광역시 북구 동문대로85번길 62(우산동),광주광역시 북구 우산동 185-23,35.17284065,126.920271,062-264-1660,,N,한식,"생선매운탕,백숙,삼겹살",,2021-09-14
북구,말바우시장,간지옷장,609,도소매,광주광역시 북구 동문대로85번길 62(우산동),광주광역시 북구 우산동 185-23,35.17283572,126.920275,,,N,구제도소매,구제옷,,2021-09-14
북구,말바우시장,득량만횟집,610,생선회,광주광역시 북구 동문대로97번길 81,광주광역시 북구 우산동 174-12,35.17282256,126.920273,062-265-2452,,N,생선회,"광어,우럭,왕새우구이",,2021-09-14
북구,말바우시장,지업사횟집,611,생선회,광주광역시 북구 동문대로97번길 85,광주광역시 북구 우산동 174-11,35.17282147,126.9202804,062-265-2211,,N,생선회,"광어,우럭,왕새우구이",,2021-09-14
북구,말바우시장,말바우제환제분소,612,건강원,광주광역시 북구 동문대로85번길 62(우산동),광주광역시 북구 우산동 185-23,35.17281818,126.9202944,,,N,건강원,"노니,모링가",,2021-09-14
북구,말바우시장,섬진강상회,613,도소매,광주광역시 북구 동문대로97번길 78,광주광역시 북구 우산동 183-23,35.17281434,126.9202965,,,N,야채,"배추,감자,양파,무,대파",,2021-09-14
북구,말바우시장,진도횟집,614,생선회,광주광역시 북구 동문대로97번길 76,광주광역시 북구 우산동 183-22,35.1728116,126.9203125,062-524-0153,,N,생선회,"광어,우럭,왕새우구이",,2021-09-14
북구,말바우시장,유원상회,615,도소매,광주광역시 북구 동문대로97번길 66,광주광역시 북구 우산동 183-10,35.17280996,126.9203193,,,N,고추도소매,고추,,2021-09-14
북구,말바우시장,영기네속옷가게,616,도소매,광주광역시 북구 동문대로85번길 62(우산동),광주광역시 북구 우산동 185-23,35.17280831,126.9203273,,,N,속옷,속옷,,2021-09-14
북구,말바우시장,삼화식품,617,도소매,광주광역시 북구 동문대로85번길 62(우산동),광주광역시 북구 우산동 185-23,35.17281544,126.9203307,062-266-0767,,N,"식품자재,잡화도소매","쌀,소금,계란,된장",,2021-09-14
북구,말바우시장,말바우식당,618,도소매,광주광역시 북구 동문대로85번길 62(우산동),광주광역시 북구 우산동 185-23,35.17282366,126.9203286,062-265-8440,,N,식당,보양탕.양탕,,2021-09-14
북구,말바우시장,별미 순대국밥,619,도소매,광주광역시 북구 서방로63번길 4 1층,광주광역시 북구 우산동 186-27,35.17282805,126.9203374,062-262-9825,,N,식당,순대국밥,,2021-09-14
북구,말바우시장,웰빙 대패 삽겹살,620,도소매,광주광역시 북구 서방로 63,광주광역시 북구 우산동 186-36,35.17283572,126.9203347,062-267-2448,,N,식당,대패삼겹살,,2021-09-14
북구,말바우시장,우산 식육점,621,도소매,광주광역시 북구 서방로63번길 6,광주광역시 북구 우산동 186-34,35.17284833,126.920338,062-262-9414,,N,식육점,삼겹살.목살,,2021-09-14
북구,말바우시장,무대포 장어,622,도소매,광주광역시 북구 동문대로85번길 62(우산동),광주광역시 북구 우산동 185-23,35.17284778,126.9203434,062-266-2930,,N,수산물,장어,,2021-09-14
북구,말바우시장,해바라기,623,도소매,광주광역시 북구 동문대로85번길 62(우산동),광주광역시 북구 우산동 185-23,35.17285929,126.9203514,,,N,도소매,의류,,2021-09-14
북구,말바우시장,방울식당,624,도소매,광주광역시 북구 서방로63번길 13,광주광역시 북구 우산동 173-6,35.17287409,126.9203528,062-261-8558,,N,식당,갈치조림,,2021-09-14
북구,말바우시장,영광닭집,625,도소매,광주광역시 북구 중문로10번길 30,광주광역시 북구 우산동 173-31,35.17288615,126.9203514,062-268-0025,,N,도소매,닭손질.닭발,,2021-09-14
북구,말바우시장,무등닭집,626,도소매,광주광역시 북구 중문로10번길 33,광주광역시 북구 우산동 184-31,35.17289601,126.9203628,062-269-2495,,N,도소매,닭손질.닭발,,2021-09-14
북구,말바우시장,제비집,627,도소매,광주광역시 북구 서방로63번길 26,광주광역시 북구 우산동 184-29,35.17290752,126.9203602,,,N,식당,옻닭.닭도리탕,,2021-09-14
북구,말바우시장,델리슈 베이커리,628,도소매,광주광역시 북구 서방로63번길 28 델리슈베이커리,광주광역시 북구 우산동 184-1,35.17291575,126.9203642,062-261-9376,,N,제과점,각종빵,,2021-09-14
북구,말바우시장,해남횟집,629,도소매,광주광역시 북구 서방로63번길 28,광주광역시 북구 우산동 184-1,35.17292232,126.9203716,062-261-4727,,N,수산물,전어회.전어구이.장어,,2021-09-14
북구,말바우시장,화이트 화장품,630,도소매,광주광역시 북구 동문대로97번길 73 화이트유통(우산동),광주광역시 북구 우산동 184-3,35.17291794,126.9203669,,,N,도소매,각종화장품,,2021-09-14
북구,말바우시장,바우 보리밥,631,도소매,광주광역시 북구 동문대로85번길 62(우산동),광주광역시 북구 우산동 185-23,35.17292726,126.9203716,062-262-6994,,N,도소매,계란.밤,,2021-09-14
북구,말바우시장,바우 손만두,632,도소매,광주광역시 북구 동문대로97번길 71,광주광역시 북구 우산동 184-4,35.17294589,126.9203749,062-262-6994,,N,도소매,고기만두.김치만두,,2021-09-14
북구,말바우시장,동신민물상회,633,도소매,광주광역시 북구 동문대로85번길 56,광주광역시 북구 우산동 185-20,35.17284069,126.9206493,062-263-9801,,N,도소매,수산물,,2021-09-14
북구,말바우시장,대원축산,634,도소매,광주광역시 북구 동문대로85번길 55,광주광역시 북구 우산동 186-6,35.17261729,126.9205559,062-261-7009,,N,도소매,정육점,,2021-09-14
북구,말바우시장,빛고을한과,635,도소매,광주광역시 북구 동문대로85번길 58,광주광역시 북구 우산동 185-21,35.17282564,126.9205303,062-224-3623,,N,도소매,"떡,한과",,2021-09-14
북구,말바우시장,무등제분소,636,도소매,광주광역시 북구 동문대로85번길 60,광주광역시 북구 우산동 185-22,35.1728671,126.9204264,062-263-1184,,N,도소매,"인삼분말,다시마",,2021-09-14
북구,말바우시장,자성흑염소,637,도소매,광주광역시 북구 동문대로85번길 60,광주광역시 북구 우산동 185-22,35.1728705,126.9204262,062-261-5851,,N,도소매,"칡즙, 과일즙",,2021-09-14
북구,말바우시장,망월상회,638,도소매,광주광역시 북구 동문대로85번길 59,광주광역시 북구 우산동 186-33,35.17264562,126.9203129,062-264-4379,,N,도소매,"생선, 회",,2021-09-14
북구,말바우시장,제일흑염소,639,도소매,광주광역시 북구 동문대로85번길 61,광주광역시 북구 우산동 186-32,35.17266276,126.9202034,062-261-0758,,N,도소매,건강식품,,2021-09-14
북구,말바우시장,말바우 웰빙푸드,640,도소매,광주광역시 북구 동문대로85번길 61,광주광역시 북구 우산동 186-32,35.17265547,126.9202041,,,N,도소매,각종식품,,2021-09-14
북구,말바우시장,말바우횟집,641,도소매,광주광역시 북구 동문대로85번길 64,광주광역시 북구 우산동 185-24,35.17289717,126.9201866,,,N,도소매,"생선, 회",,2021-09-14
북구,말바우시장,무대포장어,642,도소매,광주광역시 북구 동문대로85번길 64,광주광역시 북구 우산동 185-24,35.17290026,126.9201823,062-266-2930,,N,도소매,장어,,2021-09-14
북구,말바우시장,부부떡집,643,도소매,광주광역시 북구 동문대로85번길 63,광주광역시 북구 우산동 186-1,35.17283352,126.9200973,062-252-3692,,N,도소매,떡,,2021-09-14
북구,말바우시장,짱이야멀티샾,644,도소매,광주광역시 북구 서방로 89,광주광역시 북구 우산동 232-11,35.17122773,126.9223564,,,N,도소매,각종 옷,,2021-09-14
북구,말바우시장,뱅뱅,645,도소매,광주광역시 북구 서방로 89,광주광역시 북구 우산동 232-11,35.17121676,126.9223524,,,N,도소매,옷,,2021-09-14
북구,말바우시장,부강대중탕,646,도소매,광주광역시 북구 서방로 81,광주광역시 북구 우산동 189-56,35.17160956,126.9215673,062-262-3332,,N,도소매,목욕,,2021-09-14
북구,말바우시장,빛고을귀금속,647,도소매,광주광역시 북구 서방로 81,광주광역시 북구 우산동 189-56,35.17160313,126.921578,062-261-9077,,N,도소매,"귀금속, 시계",,2021-09-14
북구,말바우시장,문화상회,648,도소매,광주광역시 북구 동문대로85번길 62(우산동),광주광역시 북구 우산동 185-23,35.17285698,126.920341,,,N,야채,"무,당근,파",,2021-09-15
북구,말바우시장,보성수산,649,도소매,광주광역시 북구 서방로73번길 38,광주광역시 북구 우산동 191-17,35.17289754,126.9203336,,,N,수산물,"고등어,갈치,병어",,2021-09-15
북구,말바우시장,인천젓갈,650,도소매,광주광역시 북구 동문대로97번길 54,광주광역시 북구 우산동 191-18,35.17290302,126.9203336,062-269-2491,,N,젓갈,숙성젓갈,,2021-09-15
북구,말바우시장,완도형제상회,651,도소매,광주광역시 북구 동문대로85번길 62(우산동),광주광역시 북구 우산동 185-23,35.1729085,126.9203323,,,N,건어물,"멸치,돌김,건어물",,2021-09-15
북구,말바우시장,영광굴비,652,도소매,광주광역시 북구 동문대로 101-1,광주광역시 북구 우산동 208-11,35.17291946,126.9203357,,,N,영광굴비,"영광굴비,꽃게",,2021-09-15
북구,말바우시장,세일신발백화점,653,도소매,광주광역시 북구 동문대로85번길 62(우산동),광주광역시 북구 우산동 185-23,35.17292549,126.9203357,,,N,신발,신발,,2021-09-15
북구,말바우시장,영광수산,654,도소매,광주광역시 북구 동문대로85번길 62(우산동),광주광역시 북구 우산동 185-23,35.17293152,126.920337,,,N,수산물,"굴비,고등어",,2021-09-15
북구,말바우시장,말바우이불,655,도소매,광주광역시 북구 서방로81번길 15,광주광역시 북구 우산동 189-31,35.17293591,126.9203417,,,N,이불,"이불,옥매트",,2021-09-15
북구,말바우시장,천연치자맛튀김,656,도소매,광주광역시 북구 동문대로85번길 62(우산동),광주광역시 북구 우산동 185-23,35.17294248,126.9203471,,,N,튀김,튀김,,2021-09-15
북구,말바우시장,해남수산,657,도소매,광주광역시 북구 동문대로85번길 62(우산동),광주광역시 북구 우산동 185-23,35.17295728,126.9203524,,,N,수산물,"갈치,조기",,2021-09-15
북구,말바우시장,선김치,658,도소매,광주광역시 북구 동문대로97번길 46,광주광역시 북구 우산동 191-22,35.17280961,126.9203125,062-264-0654,,N,김치,김치,,2021-09-15
북구,말바우시장,부산전통어묵,659,도소매,광주광역시 북구 동문대로85번길 62(우산동),광주광역시 북구 우산동 185-23,35.17292823,126.920341,,,N,어묵,"즉석어묵,오뎅",,2021-09-15
북구,말바우시장,호야룸,660,도소매,광주광역시 북구 동문대로85번길 62(우산동),광주광역시 북구 우산동 185-23,35.17287013,126.9203182,,,N,옷,옷,,2021-09-15
북구,말바우시장,금성청과,661,도소매,광주광역시 북구 동문대로97번길 40,광주광역시 북구 우산동 191-24,35.17285917,126.9203108,,,N,과일,"토마토,복숭아",,2021-09-15
북구,말바우시장,청정건어물,662,도소매,광주광역시 북구 동문대로97번길 40 청정건어물,광주광역시 북구 우산동 191-24,35.17283505,126.9203021,,,N,건어물,"멸치,북어포,김,미역",,2021-09-15
북구,말바우시장,말바우골곰탕,663,음식점,광주광역시 북구 동문대로97번길 55,광주광역시 북구 우산동 190-1,35.17294023,126.9213864,062-262-1350,,N,한식,"생고기, 냉면",,2021-09-15
북구,말바우시장,재일상회,664,도소매,광주광역시 북구 동문대로97번길 55,광주광역시 북구 우산동 190-1,35.17292327,126.9213815,,,N,채소,"고구마, 버섯",,2021-09-15
북구,말바우시장,담양상회,665,도소매,광주광역시 북구 동문대로97번길 55,광주광역시 북구 우산동 190-1,35.17291229,126.9213742,,,N,채소,각종 채소,,2021-09-15
북구,말바우시장,지영이네,666,도소매,광주광역시 북구 서방로81번길 7 지영이네숙녀복 지영이네숙녀복,광주광역시 북구 우산동 189-39,35.17289832,126.9213608,,,N,의류,여성의류,,2021-09-15
북구,말바우시장,팔팔쇼핑,667,도소매,광주광역시 북구 중문로10번길 52,광주광역시 북구 우산동 185-8,35.17300676,126.9210909,,,N,의류,"아동복, 기타",,2021-09-15
북구,말바우시장,믿음상회,668,도소매,광주광역시 북구 동문대로97번길 55,광주광역시 북구 우산동 190-1,35.17287237,126.9213571,,,N,채소,각종 채소 및 나물,,2021-09-15
북구,말바우시장,카페오늘,669,"음식점, 기타",광주광역시 북구 중문로10번길 52,광주광역시 북구 우산동 185-8,35.17300676,126.9210909,,,N,디저트,"파이, 콩나물라면",,2021-09-15
북구,말바우시장,부부건강랜드,670,도소매,광주광역시 북구 서방로63번길 24,광주광역시 북구 우산동 184-30,35.17298215,126.9213962,,,N,건강기능보조식품,"인삼, 약초",,2021-09-15
북구,말바우시장,해풍상회,671,도소매,광주광역시 북구 서방로73번길 21,광주광역시 북구 우산동 185-9,35.17289366,126.9210546,062-267-5135,,N,"해물, 생선요리","홍어, 조기",,2021-09-15
북구,말바우시장,예송,672,도소매,광주광역시 북구 동문대로97번길 55,광주광역시 북구 우산동 190-1,35.17300111,126.921395,,,N,액세서리,"목걸이, 마스크",,2021-09-15
북구,말바우시장,맞춤·수선,673,기타,광주광역시 북구 동문대로97번길 55,광주광역시 북구 우산동 190-1,35.17303505,126.9213852,,,N,의류,의류수선,,2021-09-15
북구,말바우시장,순자네커피,674,도소매,광주광역시 북구 동문대로97번길 55,광주광역시 북구 우산동 190-1,35.17304602,126.9214181,,,N,"커피, 디저트","커피, 슬러시",,2021-09-15
북구,말바우시장,초원팥죽,675,음식점,광주광역시 북구 서방로73번길 21,광주광역시 북구 우산동 185-9,35.17289366,126.9210546,062-261-4125,,N,죽,"팥죽, 바지락칼국수",,2021-09-15
북구,말바우시장,대호상회,676,도소매,광주광역시 북구 금녕길 23,광주광역시 북구 두암동 856-5,35.17304702,126.9214316,,,N,채소,각종 채소,,2021-09-15
북구,말바우시장,진흥수산,677,도소매,광주광역시 북구 서방로81번길 27,광주광역시 북구 우산동 190-2,35.17307297,126.9214096,,,N,수산물,"조기, 병어, 젓갈",,2021-09-15
북구,말바우시장,보광상회,678,도소매,광주광역시 북구 서방로73번길 19,광주광역시 북구 우산동 185-14,35.17275942,126.9210197,062-262-1743,,N,반찬,"젓갈, 기름",,2021-09-15
북구,말바우시장,꽃붕어상회,679,도소매,광주광역시 북구 동문대로97번길 55,광주광역시 북구 우산동 190-1,35.17304103,126.9213754,,,N,"과일, 채소",각종 과일 및 채소,,2021-09-15
북구,말바우시장,지용상회,680,도소매,광주광역시 북구 동문대로85번길 62(우산동),광주광역시 북구 우산동 185-23,35.17287109,126.9203263,,,N,도소매,"부추,쪽파,대파,감자",,2021-09-15
북구,말바우시장,팔도상회,681,도소매,광주광역시 북구 동문대로85번길 62(우산동),광주광역시 북구 우산동 185-23,35.17286999,126.9203156,,,N,도소매,고추,,2021-09-15
북구,말바우시장,제일젓갈,682,도소매,광주광역시 북구 동문대로85번길 62(우산동),광주광역시 북구 우산동 185-23,35.17287383,126.9203122,,,N,도소매,"밴댕이무침,오징어젓갈",,2021-09-15
북구,말바우시장,농수산상회,683,도소매,광주광역시 북구 동문대로85번길 62(우산동),광주광역시 북구 우산동 185-23,35.17287821,126.9203015,,,N,도소매,"갈치,조기",,2021-09-15
북구,말바우시장,건어물,684,도소매,광주광역시 북구 동문대로85번길 62(우산동),광주광역시 북구 우산동 185-23,35.17287712,126.9202974,,,N,도소매,먹태,,2021-09-15
북구,말바우시장,민물해초,685,도소매,광주광역시 북구 동문대로85번길 62(우산동),광주광역시 북구 우산동 185-23,35.17287547,126.9202934,,,N,도소매,마른오징어,,2021-09-15
북구,말바우시장,부부홍어 전문점(계영제과),686,도소매,광주광역시 북구 동문대로85번길 8,광주광역시 북구 우산동 231-70,35.17287602,126.920286,,,N,도소매,홍어,,2021-09-15
북구,말바우시장,광명상회,687,도소매,광주광역시 북구 동문대로85번길 62(우산동),광주광역시 북구 우산동 185-23,35.17286999,126.920284,,,N,도소매,밤,,2021-09-15
북구,말바우시장,순창농산물,688,도소매,광주광역시 북구 동문대로85번길 62(우산동),광주광역시 북구 우산동 185-23,35.17287163,126.9202847,,,N,도소매,각종 채소,,2021-09-15
북구,말바우시장,보훈씨푸드,689,도소매,광주광역시 북구 동문대로85번길 62(우산동),광주광역시 북구 우산동 185-23,35.17287109,126.9202968,,,N,도소매,"새우,낙지,전복",,2021-09-15
북구,말바우시장,부덕상회,690,도소매,광주광역시 북구 동문대로85번길 62(우산동),광주광역시 북구 우산동 185-23,35.17286396,126.9203008,,,N,도소매,"쪽파,무,도라지",,2021-09-15
북구,말바우시장,마른생선,691,도소매,광주광역시 북구 동문대로85번길 62(우산동),광주광역시 북구 우산동 185-23,35.17286341,126.9203015,,,N,도소매,"서대,양태",,2021-09-15
북구,말바우시장,염산영광호,692,도소매,광주광역시 북구 동문대로85번길 62(우산동),광주광역시 북구 우산동 185-23,35.17286451,126.9203068,,,N,도소매,"참민어,참돔,홍어",,2021-09-15
북구,말바우시장,원조명태포,693,도소매,광주광역시 북구 동문대로85번길 62(우산동),광주광역시 북구 우산동 185-23,35.17290185,126.9203258,,,N,도소매,명태,,2021-09-15
북구,말바우시장,양말나라,694,도소매,광주광역시 북구 동문대로85번길 62(우산동),광주광역시 북구 우산동 185-23,35.17291774,126.9203265,,,N,도소매,양말,,2021-09-15
북구,말바우시장,복흥상회,695,도소매,광주광역시 북구 동문대로85번길 62(우산동),광주광역시 북구 우산동 185-23,35.17293145,126.9203184,,,N,도소매,"명태포,더덕",,2021-09-15
북구,말바우시장,이삭상회,696,도소매,광주광역시 북구 동문대로85번길 62(우산동),광주광역시 북구 우산동 185-23,35.17293145,126.9203191,,,N,도소매,"우엉,연근,메추리알",,2021-09-15
북구,말바우시장,태양상회,697,도소매,광주광역시 북구 동문대로85번길 62(우산동),광주광역시 북구 우산동 185-23,35.17295063,126.9203291,,,N,도소매,연근,,2021-09-15
북구,말바우시장,다영이네,698,도소매,광주광역시 북구 동문대로85번길 62(우산동),광주광역시 북구 우산동 185-23,35.17295173,126.9203251,,,N,도소매,빵,,2021-09-15
북구,말바우시장,말바우버섯,699,도소매,광주광역시 북구 동문대로85번길 62(우산동),광주광역시 북구 우산동 185-23,35.17295227,126.9203392,,,N,도소매,전골용버섯,,2021-09-15
북구,말바우시장,커피나무 cafe,700,음식점,광주광역시 북구 동문대로85번길 62(우산동),광주광역시 북구 우산동 185-23,35.17295337,126.9203493,062-523-0365,,N,카페,아메리카노.카페라떼,,2021-09-15
북구,말바우시장,진 축산유통,701,도소매,광주광역시 북구 동문대로97번길 63,광주광역시 북구 우산동 184-8,35.17294899,126.920358,062-261-3030,,N,식육점,돼지고기,,2021-09-15
북구,말바우시장,금복축산 할인마트,702,도소매,광주광역시 북구 서방로73번길 33,광주광역시 북구 우산동 184-9,35.17294022,126.9203513,062-266-8611,,N,도소매,돼지고기,,2021-09-15
북구,말바우시장,인덕청과,703,도소매,	광주광역시 북구 서방로73번길 47 ,광주광역시 북구 우산동 182-25,35.17292761,126.9203466,,,N,과일,귤.사과,,2021-09-15
북구,말바우시장,완도형제상회,704,도소매,광주광역시 북구 동문대로85번길 62(우산동),광주광역시 북구 우산동 185-23,35.17292706,126.9203439,,,N,수산물,멸치.돌김,,2021-09-15
북구,말바우시장,신흥상회,705,도소매,광주광역시 북구 동문대로85번길 62(우산동),광주광역시 북구 우산동 185-23,35.17290678,126.9203493,,,N,야채,쪽파.배추,,2021-09-15
북구,말바우시장,제일사숙녀복,706,도소매,광주광역시 북구 동문대로85번길 62(우산동),광주광역시 북구 우산동 185-23,35.17290678,126.9203385,,,N,도소매,숙녀복,,2021-09-15
북구,말바우시장,영광수산,707,도소매,광주광역시 북구 동문대로97번길 50,광주광역시 북구 우산동 191-20,35.1729013,126.9203506,,,N,수산물,조기.오징어,,2021-09-15
북구,말바우시장,창평상회,708,도소매,광주광역시 북구 동문대로85번길 62(우산동),광주광역시 북구 우산동 185-23,35.17286295,126.9203222,,,N,도소매,"파,쪽파.고구마",,2021-09-15
북구,말바우시장,수건천지,709,도소매,광주광역시 북구 동문대로85번길 62(우산동),광주광역시 북구 우산동 185-23,35.17286569,126.9203216,,,N,수산물,조기.오징어,,2021-09-15
북구,말바우시장,동신생약,710,도소매,광주광역시 북구 동문대로85번길 62(우산동),광주광역시 북구 우산동 185-23,35.17285583,126.9203129,,,N,약재,구기자.산수유,,2021-09-15
북구,말바우시장,마리아 상회,711,도소매,광주광역시 북구 동문대로85번길 62(우산동),광주광역시 북구 우산동 185-23,35.17285199,126.9203296,,,N,도소매,꽈리고추.홍고추,,2021-09-15
북구,말바우시장,바우상회,712,도소매,광주광역시 북구 동문대로97번길 23,광주광역시 북구 우산동 190-4,35.17290735,126.9203645,,,N,도소매,오이고추,,2021-09-15
북구,말바우시장,덕남골,713,도소매,광주광역시 북구 동문대로85번길 62(우산동),광주광역시 북구 우산동 185-23,35.1729057,126.9203464,,,N,도소매,고구마.감자.양파,,2021-09-15
북구,말바우시장,영암상회,714,도소매,광주광역시 북구 동문대로 87-1,광주광역시 북구 우산동 231-67,35.1729375,126.9203719,,,N,도소매,토마토.밀감.바나나,,2021-09-15
북구,말바우시장,서울아울렛,715,도소매,광주광역시 북구 서방로 81,광주광역시 북구 우산동 189-56,35.17160727,126.9215701,,,N,도소매,의류,,2021-09-15
북구,말바우시장,풍년떡집,716,도소매,광주광역시 북구 서방로 81,광주광역시 북구 우산동 189-56,35.17160241,126.921576,062-261-3131,,N,도소매,떡,,2021-09-15
북구,말바우시장,트윈스안경,717,도소매,광주광역시 북구 서방로 80,광주광역시 북구 우산동 188-5,35.17145296,126.9212282,062-522-0732,,N,도소매,안경,,2021-09-15
북구,말바우시장,보떼,718,도소매,광주광역시 북구 서방로 81,광주광역시 북구 우산동 189-56,35.17160969,126.9215857,062-267-7511,,N,도소매,화장품,,2021-09-15
북구,말바우시장,착한고기,719,도소매,광주광역시 북구 서방로 79,광주광역시 북구 우산동 189-19,35.17169621,126.9213852,,,N,도소매,생고기,,2021-09-15
북구,말바우시장,토종약재 도매상회,720,도소매,광주광역시 북구 서방로 79,광주광역시 북구 우산동 189-19,35.1716869,126.9213778,062-265-5375,,N,도소매,약재,,2021-09-15
북구,말바우시장,오븐에 구운 황금닭,721,도소매,광주광역시 북구 서방로 79,광주광역시 북구 우산동 189-19,35.17169292,126.9214047,062-251-1020,,N,도소매,닭,,2021-09-15
북구,말바우시장,의성한의원,722,한의원,광주광역시 북구 서방로 77-1 2층,광주광역시 북구 우산동 189-54,35.1717942,126.9212263,062-573-9777,,N,한의원,한의원,,2021-09-15
북구,말바우시장,동광물산,723,도소매,광주광역시 북구 서방로 77-1,광주광역시 북구 우산동 189-54,35.17178688,126.9212279,062-263-7776,,N,도소매,식료품,,2021-09-15
북구,말바우시장,찹쌀진 꽈배기,724,도소매,광주광역시 북구 서방로 77-1,광주광역시 북구 우산동 189-54 1층,35.1717942,126.9212263,,,N,도소매,꽈배기,,2021-09-15
북구,말바우시장,왕손 만두 찐빵,725,도소매,광주광역시 북구 서방로 77-1,광주광역시 북구 우산동 189-54,35.1717922,126.9212149,062-383-2291,,N,도소매,"만두, 찐빵",,2021-09-15
북구,말바우시장,늘푸른마트,726,도소매,광주광역시 북구 서방로 75,광주광역시 북구 우산동 189-53,35.17188841,126.9211075,062-262-9200,,N,도소매,각종잡화,,2021-09-15
북구,말바우시장,원이네 웰빙 호떡튀김,727,도소매,광주광역시 북구 서방로 73,광주광역시 북구 우산동 189-52,35.17195049,126.9209771,062-431-2611,,N,도소매,"호떡, 튀김",,2021-09-15
북구,말바우시장,쌀사랑,728,도소매,광주광역시 북구 서방로 70,광주광역시 북구 우산동 187-3,35.17186853,126.9203553,062-521-4962,,N,도소매,쌀,,2021-09-15
북구,말바우시장,부자 공인중개사,729,부동산,광주광역시 북구 서방로 70,광주광역시 북구 우산동 187-3,35.17186414,126.92036,062-470-8854,,N,도소매,부동산,,2021-09-15
북구,말바우시장,김여사네,730,소매,광주광역시 북구 서방로 81,광주광역시 북구 우산동 189-56,35.17160415,126.921579,,,N,의류,몸빼바지,,2021-09-15
북구,말바우시장,남도건어물,731,도소매,광주광역시 북구 동문대로85번길 23 1층 (우산동) 남도 건어물(우산동),광주광역시 북구 우산동 189-29,35.17160963,126.9215723,,,N,건어물,"미역,멸치",,2021-09-15
북구,말바우시장,남해수산,732,도소매,광주광역시 북구 동문대로85번길 20,광주광역시 북구 우산동 231-76,35.17160306,126.9215582,,,N,수산물,"갈치, 굴비, 가오리",,2021-09-15
북구,말바우시장,동신베이커리,733,베이커리,광주광역시 북구 동문대로85번길 23,광주광역시 북구 우산동 189-29,35.17160909,126.921583,062-269-1064,,N,베이커리,"녹차빵, 곡물빵",,2021-09-15
북구,말바우시장,말바우말린생선,734,도소매,광주광역시 북구 동문대로85번길 27,광주광역시 북구 우산동 189-28,35.17159977,126.9215817,,,N,건어물,생선,,2021-09-15
북구,말바우시장,오성수산,735,도소매,광주광역시 북구 서방로 81,광주광역시 북구 우산동 189-56,35.17160032,126.9215931,,,N,수산물,갈치,,2021-09-15
북구,말바우시장,요안상회,736,소매,광주광역시 북구 서방로 81,광주광역시 북구 우산동 189-56,35.17158771,126.9215783,,,N,소매,"파, 양파, 당근",,2021-09-15
북구,말바우시장,장성생선,737,도소매,광주광역시 북구 서방로 81,광주광역시 북구 우산동 189-56,35.17159757,126.9215649,,,N,수산물,굴비,,2021-09-15
북구,말바우시장,테잎,738,도소매,광주광역시 북구 서방로 81,광주광역시 북구 우산동 189-56,35.17160415,126.9215569,,,N,소매,"종자, 테잎",,2021-09-15
북구,말바우시장,한성직물,739,도소매,광주광역시 북구 서방로 81,광주광역시 북구 우산동 189-56,35.17161128,126.9215528,,,N,도소매,온갖 직물,,2021-09-15
북구,말바우시장,벌교수산,740,도소매,광주광역시 북구 동문대로97번길 55,광주광역시 북구 우산동 190-1,35.1729353,126.9213864,,,N,수산물,"낙지, 조개류",,2021-09-16
북구,말바우시장,종합화장품,741,도소매,광주광역시 북구 동문대로 99,광주광역시 북구 우산동 208-12,35.17267951,126.9210149,,,N,잡화,"화장품, 생활용품",,2021-09-16
북구,말바우시장,명품프라자,742,도소매,광주광역시 북구 서방로73번길 19,광주광역시 북구 우산동 185-14,35.17267567,126.9210123,,,N,"의류, 잡화",각종 의류 및 잡화,,2021-09-16
북구,말바우시장,신용수산,743,도소매,광주광역시 북구 동문대로85번길 47,광주광역시 북구 우산동 186-9,35.1724838,126.9209595,062-262-0814,,N,수산물,"조기, 갈치 등",,2021-09-16
북구,말바우시장,우신상회,744,도소매,광주광역시 북구 서방로73번길 14,광주광역시 북구 우산동 189-1,35.17245315,126.921155,062-265-4097,,N,반찬,"김치, 고추",,2021-09-16
북구,말바우시장,우리상회,745,도소매,광주광역시 북구 서방로73번길 14,광주광역시 북구 우산동 189-1,35.17244767,126.921153,062-262-3645,,N,건어물,"강정, 각종 건어물",,2021-09-16
북구,말바우시장,대원닭집,746,도소매,광주광역시 북구 동문대로85번길 47,광주광역시 북구 우산동 186-9,35.17247878,126.9209637,062-264-2591,,N,"치킨, 닭강정","통닭, 오리뼈",,2021-09-16
북구,말바우시장,북일상회,747,도소매,광주광역시 북구 서방로73번길 12,광주광역시 북구 우산동 189-11,35.17244751,126.9211055,062-261-9903,,N,농산물,"양파, 마늘",,2021-09-16
북구,말바우시장,장원방앗간,748,도소매,광주광역시 북구 서방로73번길 10-1,광주광역시 북구 우산동 189-12,35.17237937,126.9211287,062-262-5678,,Y,식료품,"건고추, 참기름",,2021-09-16
북구,말바우시장,천하회수산포장,749,음식점,광주광역시 북구 서방로73번길 9-2,광주광역시 북구 우산동 186-10,35.17236652,126.9209299,062-433-2865,,N,생선회,"광어, 우럭",,2021-09-16
북구,말바우시장,사랑이네,750,음식점,광주광역시 북구 서방로73번길 9-1 사랑이네 1층,광주광역시 북구 우산동 186-13,35.17223689,126.9208748,,,N,"육류, 고기요리","막창, 삼겹살, 닭구이",,2021-09-16
북구,말바우시장,말바우대패삼겹살,751,음식점,광주광역시 북구 서방로73번길 8,광주광역시 북구 우산동 189-16,35.1722655,126.9210514,062-269-1862,,N,"육류, 고기요리",대패삼겹살,,2021-09-16
북구,말바우시장,원조순대국밥,752,음식점,광주광역시 북구 서방로73번길 9-1,광주광역시 북구 우산동 186-10,35.17223196,126.9208714,062-268-3159,,N,한식,"순대, 모듬국밥",,2021-09-16
북구,말바우시장,삼원당한약방,753,도소매,광주광역시 북구 서방로73번길 6,광주광역시 북구 우산동 189-17,35.17215201,126.9210411,062-261-2642,,N,한약방,"녹용, 한약재",,2021-09-16
북구,말바우시장,말바우먹거리,754,음식점,광주광역시 북구 서방로73번길 5 (우산동) 말바우먹거리,광주광역시 북구 우산동 186-14,35.17216575,126.920758,062-512-1372,,N,한식,"보신탕, 모듬국밥",,2021-09-16
북구,말바우시장,전통시장국밥,755,음식점,광주광역시 북구 서방로73번길 5,광주광역시 북구 우산동 186-14,35.17216469,126.920771,062-267-4217,,N,"순대, 순댓국","머리고기, 모듬국밥",,2021-09-16
북구,말바우시장,금성상회,756,도소매,광주광역시 북구 서방로 73,광주광역시 북구 우산동 189-52,35.17199638,126.921118,,,N,채소,각종 채소,,2021-09-16
북구,말바우시장,대촌국밥,757,음식점,광주광역시 북구 서방로 73,광주광역시 북구 우산동 189-52,35.17197505,126.9210979,062-268-3350,,N,국밥,"머리고기, 모듬국밥",,2021-09-16
북구,말바우시장,오라순대,758,음식점,광주광역시 북구 서방로73번길 38,광주광역시 북구 우산동 191-17,35.17212631,126.9209923,062-268-1658,,N,국밥,"머리고기, 내장국밥",,2021-09-16
북구,말바우시장,오산수산,759,도소매,광주광역시 북구 서방로 73,광주광역시 북구 우산동 189-52,35.1721137,126.9210184,,,N,수산물,홍어,,2021-09-16
북구,말바우시장,시골장터,760,도소매,광주광역시 북구 군왕로51번길 136,광주광역시 북구 두암동 888-37,35.17210692,126.9210421,,,N,농산물,각종채소,,2021-09-16
북구,말바우시장,씨앗이모,761,도소매,광주광역시 북구 서방로 73,광주광역시 북구 우산동 189-52,35.17208752,126.9210658,,,N,도소매,각종씨앗,,2021-09-16
북구,말바우시장,성준수산,762,도소매,광주광역시 북구 서방로 73,광주광역시 북구 우산동 189-52,35.17208558,126.9210682,,,N,수산물,굴비.병어,,2021-09-16
북구,말바우시장,영광꽃농원,763,도소매,광주광역시 북구 서방로 73,광주광역시 북구 우산동 189-52,35.17211855,126.9210089,,,N,도소매,각종꽃,,2021-09-16
북구,말바우시장,최고봉청과,764,도소매,광주광역시 북구 서방로 73,광주광역시 북구 우산동 189-52,35.17212437,126.9209804,,,N,도소매,바나나.방울토마토,,2021-09-16
북구,말바우시장,수진상회,765,도소매,광주광역시 북구 서방로 73,광주광역시 북구 우산동 189-52,35.1721011,126.9209686,,,N,도소매,감자.고구마,,2021-09-16
북구,말바우시장,야산약초 건강원,766,도소매,광주광역시 북구 서방로 73,광주광역시 북구 우산동 189-52,35.17202159,126.9210789,,,N,도소매,오미자.대추,,2021-09-16
북구,말바우시장,행운남성복,767,도소매,광주광역시 북구 서방로 73,광주광역시 북구 우산동 189-52,35.17203226,126.9210564,,,N,도소매,남성옷,,2021-09-16
북구,말바우시장,청해수산,768,도소매,광주광역시 북구 서방로 73,광주광역시 북구 우산동 189-52,35.17205068,126.9210267,,,N,수산물,각종 생선,,2021-09-16
북구,말바우시장,영암수산,769,도소매,광주광역시 북구 서방로 73,광주광역시 북구 우산동 189-52,35.17207007,126.9209769,,,N,수산물,각종 생선,,2021-09-16
북구,말바우시장,양념게장전문,770,도소매,광주광역시 북구 서방로 73,광주광역시 북구 우산동 189-52,35.17207977,126.9209638,,,N,반찬가게,진미채.양념게장,,2021-09-16
북구,말바우시장,보배방앗간,771,도소매,광주광역시 북구 서방로 73,광주광역시 북구 우산동 189-52,35.17185869,126.9211216,,,N,도소매,깨죽가루.미숫가루,,2021-09-16
북구,말바우시장,바우수산,772,도소매,광주광역시 북구 서방로 73,광주광역시 북구 우산동 189-52,35.1718839,126.9210647,,,N,수산물,각종 생선,,2021-09-16
북구,말바우시장,매일튀밥,773,도소매,광주광역시 북구 서방로 73,광주광역시 북구 우산동 189-52,35.17184706,126.9210386,,,N,도소매,뻥튀기,,2021-09-16
북구,말바우시장,종합의류,774,도소매,광주광역시 북구 서방로 73,광주광역시 북구 우산동 189-52,35.17180633,126.9210397,,,N,도소매,각종의류,,2021-09-16
북구,말바우시장,치사빤스튀김,775,도소매,광주광역시 북구 서방로 73,광주광역시 북구 우산동 189-52,35.1717947,126.9210694,,,N,음식점,각종튀김,,2021-09-16
북구,말바우시장,화장품 메이커,776,도소매,광주광역시 북구 서방로 73,광주광역시 북구 우산동 189-52,35.17179373,126.9210682,,,N,화장품,각종화장품,,2021-09-16
북구,말바우시장,무안수산,777,도소매,광주광역시 북구 서방로 73,광주광역시 북구 우산동 189-52,35.17179179,126.9211157,,,N,수산물,조기.병어,,2021-09-16
북구,말바우시장,곡성임면 야채상회,778,도소매,광주광역시 북구 서방로 73,광주광역시 북구 우산동 189-52,35.17180439,126.9211287,,,N,농산물,양파.파,,2021-09-16
북구,말바우시장,굴비참조기 전문,779,도소매,광주광역시 북구 서방로 73,광주광역시 북구 우산동 189-52,35.17183251,126.9211477,,,N,수산물,굴비,,2021-09-16
북구,말바우시장,말바우튀밥,780,소매,광주광역시 북구 서방로 73,광주광역시 북구 우산동 189-52,35.171849,126.921156,,,N,튀밥,튀밥,,2021-09-16
북구,말바우시장,싱싱얼음,781,도소매,광주광역시 북구 서방로 73,광주광역시 북구 우산동 189-52,35.1719033,126.9211145,062-385-2482,,N,얼음,얼음,,2021-09-16
북구,말바우시장,대동신발,782,도소매,광주광역시 북구 서방로 73,광주광역시 북구 우산동 189-52,35.171817,126.9210208,,,N,의류,신발,,2021-09-16
북구,말바우시장,말바우일번지,783,도소매,광주광역시 북구 서방로 73,광주광역시 북구 우산동 189-52,35.17200801,126.9210172,,,N,야채,"버섯,단호박",,2021-09-16
북구,말바우시장,과일장터,784,도소매,광주광역시 북구 서방로 73,광주광역시 북구 우산동 189-52,35.17201965,126.9209899,,,N,청과,"사과,바나나",,2021-09-16
북구,말바우시장,광주상회,785,도소매,광주광역시 북구 서방로 73,광주광역시 북구 우산동 189-52,35.17202159,126.9209603,,,N,견과류,"땅콩,콩",,2021-09-16
북구,말바우시장,미숙이건어물,786,도소매,광주광역시 북구 서방로 73,광주광역시 북구 우산동 189-52,35.17202353,126.9209591,,,N,건어물,"김,멸치",,2021-09-16
북구,말바우시장,명보상회,787,도소매,광주광역시 북구 서방로 73,광주광역시 북구 우산동 189-52,35.17200705,126.920946,,,N,야채,"고구마,무,감자,당금",,2021-09-16
북구,말바우시장,신세계숙녀복,788,도소매,광주광역시 북구 서방로 73,광주광역시 북구 우산동 189-52,35.17199541,126.9209425,,,N,의류,여성복,,2021-09-16
북구,말바우시장,만나참숯김,789,도소매,광주광역시 북구 서방로 73,광주광역시 북구 우산동 189-52,35.17198862,126.9209401,,,N,김,"김,뻥튀기",,2021-09-16
북구,말바우시장,동해수산,790,도소매,광주광역시 북구 서방로 73,광주광역시 북구 우산동 189-52,35.17195759,126.9209271,,,N,수산물,"갈치,병어",,2021-09-16
북구,말바우시장,다정김치전문점,791,도소매,광주광역시 북구 동문대로97번길 26,광주광역시 북구 우산동 201-53,35.1719256,126.9209128,062-263-0058,,N,"김치,젓갈","김치,젓갈",,2021-09-16
북구,말바우시장,청해건어물,792,도소매,광주광역시 북구 서방로 73,광주광역시 북구 우산동 189-52,35.1719062,126.9208998,,,N,건어물,"북어포,건새우",,2021-09-16
북구,말바우시장,대박두부,793,도소매,광주광역시 북구 서방로 73,광주광역시 북구 우산동 189-52,35.17188778,126.9208867,,,N,두부,즉석두부,,2021-09-16
북구,말바우시장,광명화장품,794,도소매,광주광역시 북구 서방로 73,광주광역시 북구 우산동 189-52,35.17188196,126.9208974,,,N,화장품,화장품,,2021-09-16
북구,말바우시장,조은한우축산,795,도소매,광주광역시 북구 서방로 73,광주광역시 북구 우산동 189-52,35.17187421,126.9209057,,,N,정육점,한우,,2021-09-16
북구,말바우시장,한양수산,796,도소매,광주광역시 북구 서방로 73,광주광역시 북구 우산동 189-52,35.17186257,126.9209354,062-267-1331,,N,수산물,"조기,굴비,갈치",,2021-09-16
북구,말바우시장,하나수산,797,도소매,광주광역시 북구 서방로 73,광주광역시 북구 우산동 189-52,35.17184124,126.9209721,062-943-5244,,N,수산물,"조기,굴비,갈치",,2021-09-16
북구,말바우시장,형준의류,798,도소매,광주광역시 북구 서방로 73,광주광역시 북구 우산동 189-52,35.1718353,126.9209921,,,N,의류,여성복,,2021-09-16
북구,말바우시장,영광수산,799,도소매,광주광역시 북구 서방로 73,광주광역시 북구 우산동 189-52,35.17194816,126.9209789,,,N,수산물,"꽃게,낙지,대하,전복",,2021-09-16
북구,말바우시장,동신민물상회,800,도소매,광주광역시 북구 동문대로85번길 27,광주광역시 북구 우산동 189-28,35.17219977,126.9219575,062-263-9801,,N,도소매,"미꾸라지,거북이",,2021-09-16
북구,말바우시장,말바우 이불&커튼,801,도소매,광주광역시 북구 동문대로85번길 27,광주광역시 북구 우산동 189-28,35.17222265,126.9219723,,,N,이부자리,이불,,2021-09-16
북구,말바우시장,말바우말린생선,802,도소매,광주광역시 북구 동문대로85번길 27,광주광역시 북구 우산동 189-28,35.17225516,126.9219767,,,N,건어물,조기포,,2021-09-16
북구,말바우시장,매일닭집,803,축산물,광주광역시 북구 동문대로85번길 51,광주광역시 북구 우산동 186-7,35.17249972,126.9206786,062-267-3553,,N,축산물,닭,,2021-09-16
북구,말바우시장,매일팥죽,804,음식점,광주광역시 북구 동문대로85번길 51,광주광역시 북구 우산동 186-7,35.17253535,126.9206847,062-266-0911,,N,음식점,팥죽,,2021-09-16
북구,말바우시장,명품프라자,805,도소매,광주광역시 북구 서방로73번길 19,광주광역시 북구 우산동 185-14,35.17277258,126.9209982,,,N,도소매,"구두, 생활복",,2021-09-16
북구,말바우시장,손이가꽈배기도너츠,806,소매,광주광역시 북구 동문대로85번길 52,광주광역시 북구 우산동 185-12,35.17271832,126.9206728,062-263-8258,,N,소매,꽈배기,,2021-09-16
북구,말바우시장,신진꽃집,807,도소매,광주광역시 북구 동문대로85번길 52,광주광역시 북구 우산동 185-12,35.17276448,126.9207327,062-262-7551,,N,꽃집,화분,,2021-09-16
북구,말바우시장,영진상회,808,도소매,광주광역시 북구 동문대로97번길 7,광주광역시 북구 우산동 231-9,35.17254532,126.9238129,062-265-5289,,N,도소매,"아몬드, 땅콩",,2021-09-16
북구,말바우시장,원조웰빙건강,809,도소매,광주광역시 북구 동문대로85번길 50,광주광역시 북구 우산동 185-13,35.17281893,126.9208641,062-252-3377,,Y,도소매,양파즙,,2021-09-16
북구,말바우시장,일등방앗간,810,도소매,광주광역시 북구 동문대로85번길 52,광주광역시 북구 우산동 185-12,35.17285928,126.9207278,062-263-8258,,N,방앗간,"참기름, 쌀",,2021-09-16
북구,말바우시장,제일방앗간,811,도소매,광주광역시 북구 동문대로85번길 31,광주광역시 북구 우산동 189-27,35.1722716,126.9218389,062-261-2469,,N,방앗간,"참기름,검은쌀",,2021-09-16
북구,말바우시장,제일상회,812,도소매,광주광역시 북구 동문대로85번길 31,광주광역시 북구 우산동 189-27,35.17228784,126.9217947,,,N,도소매,고추,,2021-09-16
북구,말바우시장,춘광교회,813,교회,광주광역시 북구 동문대로85번길 51,광주광역시 북구 우산동 186-7,35.17261144,126.9206954,062-264-8543,,N,개신교,X,,2021-09-16
북구,말바우시장,풍미상회,814,도소매,광주광역시 북구 동문대로85번길 31,광주광역시 북구 우산동 189-27,35.17226168,126.9218698,,,N,반찬,"고추젓,풍미젓",,2021-09-16
북구,말바우시장,혜연의류,815,도소매,광주광역시 북구 동문대로85번길 31,광주광역시 북구 우산동 189-27,35.17228784,126.9218565,,,N,의류,생활복,,2021-09-16
북구,말바우시장,화순상회,816,도소매,광주광역시 북구 동문대로85번길 31,광주광역시 북구 우산동 189-27,35.17229235,126.9218543,,,N,도소매,콩나물,,2021-09-16
북구,말바우시장,동서울구제,817,도소매,광주광역시 북구 서방로 69-2,광주광역시 북구 우산동 186-15,35.1720606,126.9206204,,,N,도소매,옷,,2021-09-16
북구,말바우시장,영진비니루,818,도소매,광주광역시 북구 서방로 69-2,광주광역시 북구 우산동 186-15,35.17208816,126.9206084,,,N,도소매,"비닐,목장감",,2021-09-16
북구,말바우시장,청과마트,819,도소매,광주광역시 북구 서방로 69-2,광주광역시 북구 우산동 186-15,35.17208728,126.9205965,062-264-5864,,N,도소매,과일,,2021-09-16
북구,말바우시장,서문양복점,820,도소매,광주광역시 북구 서방로 69-1,광주광역시 북구 우산동 186-22,35.17227134,126.9204436,062-265-0951,,N,도소매,양복,,2021-09-16
북구,말바우시장,명품프라자,821,도소매,광주광역시 북구 서방로73번길 19,광주광역시 북구 우산동 185-14,35.17279012,126.9210304,,,N,도소매,옷,,2021-09-16
북구,말바우시장,신흥보석,822,도소매,광주광역시 북구 서방로 67-2,광주광역시 북구 우산동 186-23,35.17224961,126.9203333,062-267-3722,,N,도소매,"귀금속, 시계",,2021-09-16
북구,말바우시장,아름다운집,823,도소매,광주광역시 북구 서방로 67-2,광주광역시 북구 우산동 186-23,35.17224793,126.9203148,,,N,도소매,구제옷,,2021-09-16
북구,말바우시장,안젤리나졸리,824,도소매,광주광역시 북구 서방로 67-1,광주광역시 북구 우산동 186-38,35.17245889,126.9201866,062-268-7060,,N,도소매,옷,,2021-09-16
북구,말바우시장,우리의한의원,825,도소매,광주광역시 북구 서방로 65,광주광역시 북구 우산동 186-37,35.17246184,126.9200753,062-411-9900,,N,도소매,한의원,,2021-09-16
북구,말바우시장,지니노래연습장,826,도소매,광주광역시 북구 서방로 63,광주광역시 북구 우산동 186-36,35.17242806,126.9199497,,,N,도소매,노래방,,2021-09-16
북구,말바우시장,남도청과,827,도소매,광주광역시 북구 서방로 63,광주광역시 북구 우산동 186-36,35.17243902,126.9199605,062-266-3664,,N,도소매,과일,,2021-09-16
북구,말바우시장,일흥원한약방,828,도소매,광주광역시 북구 서방로 64,광주광역시 북구 중흥동 288-36,35.1722546,126.9197363,062-525-1218,,N,도소매,한약,,2021-09-16
북구,말바우시장,치킨바보,829,도소매,광주광역시 북구 서방로 59-2,광주광역시 북구 우산동 172-14,35.17259399,126.9196346,,,N,도소매,치킨,,2021-09-16
북구,말바우시장,은빛세상노인복지센터,830,도소매,광주광역시 북구 서방로 59-2,광주광역시 북구 우산동 172-14,35.17259457,126.9196253,062-269-6590,,N,도소매,노인센터,,2021-09-16
북구,말바우시장,광일계란,831,도소매,광주광역시 북구 서방로 59,광주광역시 북구 우산동 172-17,35.17269738,126.9194281,062-261-2082,,N,도소매,계란,,2021-09-16
북구,말바우시장,콩새네농장,832,도소매,광주광역시 북구 동문대로85번길 62(우산동),광주광역시 북구 우산동 185-23,35.17307822,126.9203742,,,N,도소매,"고구마,대파",,2021-09-16
북구,말바우시장,담양버섯농장,833,도소매,광주광역시 북구 동문대로85번길 62(우산동),광주광역시 북구 우산동 185-23,35.17310514,126.9203718,,,N,도소매,버섯,,2021-09-16
북구,말바우시장,벌교인삼상회,834,도소매,광주광역시 북구 동문대로85번길 62(우산동),광주광역시 북구 우산동 185-23,35.17311564,126.9203782,,,N,도소매,"마,더덕,우엉",,2021-09-16
북구,말바우시장,완도수산홍어,835,도소매,광주광역시 북구 동문대로85번길 62(우산동),광주광역시 북구 우산동 185-23,35.17312877,126.9203839,,,N,도소매,홍어,,2021-09-16
북구,말바우시장,행복과일,836,도소매,광주광역시 북구 서방로81번길 27,광주광역시 북구 우산동 190-2,35.17313599,126.9203863,,,N,도소매,각종 과일,,2021-09-16
북구,말바우시장,영풍채소,837,도소매,광주광역시 북구 동문대로85번길 62(우산동),광주광역시 북구 우산동 185-23,35.17314387,126.9204449,,,N,도소매,각종 채소,,2021-09-16
북구,말바우시장,대산미인,838,도소매,광주광역시 북구 동문대로85번길 62(우산동),광주광역시 북구 우산동 185-23,35.17314716,126.9204104,,,N,도소매,옷,,2021-09-16
북구,말바우시장,은아상회,839,도소매,광주광역시 북구 동문대로85번길 62(우산동),광주광역시 북구 우산동 185-23,35.17311761,126.9204457,,,N,도소매,각종 채소,,2021-09-16
북구,말바우시장,굴비참조기전문,840,도소매,광주광역시 북구 동문대로85번길 62(우산동),광주광역시 북구 우산동 185-23,35.17312024,126.9204377,,,N,도소매,참굴비,,2021-09-16
북구,말바우시장,원앙방앗간,841,도소매,광주광역시 북구 동문대로85번길 62(우산동),광주광역시 북구 우산동 185-23,35.17309594,126.9204361,062-262-8318,,N,도소매,"귀리,녹두",,2021-09-16
북구,말바우시장,계림쌀상회,842,도소매,광주광역시 북구 동문대로85번길 62(우산동),광주광역시 북구 우산동 185-23,35.17309201,126.9204313,,,N,도소매,각종 채소,,2021-09-16
북구,말바우시장,무장아찌,843,도소매,광주광역시 북구 동문대로85번길 62(우산동),광주광역시 북구 우산동 185-23,35.17309332,126.9204345,,,N,도소매,무장아찌,,2021-09-16
북구,말바우시장,목포생물수산,844,도소매,광주광역시 북구 동문대로85번길 62(우산동),광주광역시 북구 우산동 185-23,35.173071,126.9204216,,,N,도소매,"갈치,대하새우",,2021-09-16
북구,말바우시장,완도건어물,845,도소매,광주광역시 북구 동문대로85번길 62(우산동),광주광역시 북구 우산동 185-23,35.17306706,126.9204152,,,N,도소매,멸치,,2021-09-16
북구,말바우시장,순화숙녀복,846,도소매,광주광역시 북구 동문대로85번길 62(우산동),광주광역시 북구 우산동 185-23,35.17306115,126.9204088,,,N,도소매,옷,,2021-09-16
북구,말바우시장,목포젓갈,847,도소매,광주광역시 북구 동문대로85번길 62(우산동),광주광역시 북구 우산동 185-23,35.17304999,126.9203991,062-265-5990,,N,도소매,"장조림,젓갈",,2021-09-16
북구,말바우시장,스타카토,848,도소매,광주광역시 북구 동문대로85번길 62(우산동),광주광역시 북구 우산동 185-23,35.17304211,126.9203887,,,N,도소매,각종 채소,,2021-09-16
북구,말바우시장,모닝사우나,849,도소매,광주광역시 북구 동문대로85번길 62(우산동),광주광역시 북구 우산동 185-23,35.17303948,126.9203815,,,N,도소매,사우나,,2021-09-16
북구,말바우시장,모자나라,850,도소매,광주광역시 북구 동문대로85번길 62(우산동),광주광역시 북구 우산동 185-23,35.17304473,126.9203742,062-261-2774,,N,도소매,"모자,가방",,2021-09-16
북구,말바우시장,고흥남양수산,851,도소매,광주광역시 북구 동문대로85번길 62(우산동),광주광역시 북구 우산동 185-23,35.17304473,126.9203614,,,N,도소매,멸치,,2021-09-16
북구,말바우시장,지산골상회,852,도소매,광주광역시 북구 동문대로85번길 62(우산동),광주광역시 북구 우산동 185-23,35.17311302,126.9202754,,,N,도소매,"파프리카,대파",,2021-09-16
북구,말바우시장,장흥득량만낙지,853,도소매,광주광역시 북구 동문대로85번길 62(우산동),광주광역시 북구 우산동 185-23,35.17312352,126.9202786,062-268-6644,,N,도소매,낙지,,2021-09-16
북구,말바우시장,종합화장품,854,도소매,광주광역시 북구 동문대로85번길 62(우산동),광주광역시 북구 우산동 185-23,35.17314453,126.9202827,,,N,도소매,화장품,,2021-09-16
북구,말바우시장,명진수산,855,도소매,광주광역시 북구 동문대로85번길 62(우산동),광주광역시 북구 우산동 185-23,35.17316029,126.9202883,,,N,도소매,"낙지,문어,갈치",,2021-09-16
북구,말바우시장,대길방앗간,856,도소매,광주광역시 북구 동문대로85번길 62(우산동),광주광역시 북구 우산동 185-23,35.17316882,126.9202947,,,N,도소매,각종 가루,,2021-09-16
북구,말바우시장,청룡상회,857,도소매,광주광역시 북구 동문대로85번길 62(우산동),광주광역시 북구 우산동 185-23,35.17316882,126.9203196,,,N,도소매,멸치,,2021-09-16
북구,말바우시장,금산인삼,858,도소매,광주광역시 북구 동문대로85번길 62(우산동),광주광역시 북구 우산동 185-23,35.17316948,126.9203228,,,N,도소매,"더덕,연근",,2021-09-16
북구,말바우시장,신안젓갈,859,도소매,광주광역시 북구 동문대로85번길 62(우산동),광주광역시 북구 우산동 185-23,35.17316226,126.9203421,,,N,도소매,젓갈,,2021-09-16
북구,말바우시장,빛고을상사,860,도소매,광주광역시 북구 동문대로85번길 62(우산동),광주광역시 북구 우산동 185-23,35.17313337,126.9203453,,,N,도소매,"토란,대추",,2021-09-16
북구,말바우시장,은주네반찬,861,도소매,광주광역시 북구 동문대로85번길 62(우산동),광주광역시 북구 우산동 185-23,35.17312221,126.9203405,,,N,도소매,각종 반찬,,2021-09-16
북구,말바우시장,비아상회,862,도소매,광주광역시 북구 동문대로85번길 62(우산동),광주광역시 북구 우산동 185-23,35.17310645,126.9203397,,,N,도소매,"연근줄기,배추",,2021-09-16
북구,말바우시장,현대축산,863,도소매,광주광역시 북구 동문대로85번길 62(우산동),광주광역시 북구 우산동 185-23,35.17310185,126.9203003,062-269-1350,,N,도소매,각종 건어물,,2021-09-17
북구,말바우시장,현대건어물,864,도소매,광주광역시 북구 동문대로85번길 62(우산동),광주광역시 북구 우산동 185-23,35.17310514,126.9202987,,,N,축산물,돼지고기,,2021-09-17
북구,말바우시장,현대수산,865,도소매,광주광역시 북구 동문대로85번길 62(우산동),광주광역시 북구 우산동 185-23,35.17310908,126.9202714,,,N,수산물,고등어.조기,,2021-09-17
북구,말바우시장,담양순대국밥,866,도소매,광주광역시 북구 동문대로85번길 62(우산동),광주광역시 북구 우산동 185-23,35.17318458,126.9202521,062-266-1972,,N,음식점,순대국밥,,2021-09-17
북구,말바우시장,나주축산,867,도소매,광주광역시 북구 동문대로85번길 62(우산동),광주광역시 북구 우산동 185-23,35.17320034,126.9202425,062-251-0380,,N,축산,돼지고기,,2021-09-17
북구,말바우시장,제일수산,868,도소매,광주광역시 북구 동문대로85번길 62(우산동),광주광역시 북구 우산동 185-23,35.17319574,126.9202264,,,N,수산물,고등어.조기.병어,,2021-09-17
북구,말바우시장,자연산회 포장전문,869,도소매,광주광역시 북구 동문대로85번길 62(우산동),광주광역시 북구 우산동 185-23,35.17318918,126.9202072,,,N,음식점,광어회.농어회,,2021-09-17
북구,말바우시장,영진닭집,870,도소매,광주광역시 북구 동문대로85번길 62(우산동),광주광역시 북구 우산동 185-23,35.17318392,126.9201863,,,N,도소매,닭,,2021-09-17
북구,말바우시장,청년야채,871,도소매,광주광역시 북구 동문대로85번길 62(우산동),광주광역시 북구 우산동 185-23,35.1731813,126.9201782,,,N,농산물,배추.연근,,2021-09-17
북구,말바우시장,휴대폰사진 즉석인화,872,도소매,광주광역시 북구 동문대로85번길 62(우산동),광주광역시 북구 우산동 185-23,35.17315372,126.9201678,,,N,도소매,즉석사진,,2021-09-17
북구,말바우시장,말바우 국밥,873,도소매,광주광역시 북구 동문대로85번길 62(우산동),광주광역시 북구 우산동 185-23,35.17313337,126.9201638,062-262-4282,,N,음식점,머리국밥.콩나물국밥,,2021-09-17
북구,말바우시장,광주축산,874,도소매,광주광역시 북구 동문대로85번길 62(우산동),광주광역시 북구 우산동 185-23,35.17312286,126.9201558,,,N,축산물,돼지고기,,2021-09-17
북구,말바우시장,버들 베이커리,875,도소매,광주광역시 북구 동문대로85번길 62(우산동),광주광역시 북구 우산동 185-23,35.17311695,126.9201815,,,N,빵집,피자빵.앙금빵,,2021-09-17
북구,말바우시장,신안수산,876,도소매,광주광역시 북구 동문대로85번길 62(우산동),광주광역시 북구 우산동 185-23,35.17310908,126.9201983,,,N,수산물,고등어.조기,,2021-09-17
북구,말바우시장,건어물,877,도소매,광주광역시 북구 동문대로85번길 62(우산동),광주광역시 북구 우산동 185-23,35.17310382,126.9202128,,,N,도소매,말린새우.멸치,,2021-09-17
북구,말바우시장,조기 생선,878,도소매,광주광역시 북구 동문대로85번길 62(우산동),광주광역시 북구 우산동 185-23,35.1730762,126.9201798,,,N,수산물,조기.고등어,,2021-09-17
북구,말바우시장,청송의류,879,도소매,광주광역시 북구 동문대로85번길 62(우산동),광주광역시 북구 우산동 185-23,35.17306469,126.9201992,,,N,도소매,각종의류,,2021-09-17
북구,말바우시장,청송슈퍼,880,도소매,광주광역시 북구 동문대로85번길 62(우산동),광주광역시 북구 우산동 185-23,35.17306414,126.9202261,,,N,도소매,각종식료품,,2021-09-17
북구,말바우시장,그릇 백화점,881,도소매,광주광역시 북구 동문대로85번길 62(우산동),광주광역시 북구 우산동 185-23,35.17305537,126.9202569,062-265-8556,,N,도소매,그릇,,2021-09-17
북구,말바우시장,국향 중화요리,882,도소매,광주광역시 북구 동문대로85번길 62(우산동),광주광역시 북구 우산동 185-23,35.17299179,126.9201101,062-263-2620,,N,음식점,짜장면.짬뽕,,2021-09-17
북구,말바우시장,곡성그릇 상집,883,도소매,광주광역시 북구 동문대로85번길 62(우산동),광주광역시 북구 우산동 185-23,35.17299618,126.9201288,,,N,도소매,그릇.상,,2021-09-17
북구,말바우시장,과일 생즙,884,도소매,광주광역시 북구 동문대로85번길 62(우산동),광주광역시 북구 우산동 185-23,35.17298631,126.9201503,,,N,도소매,홍삼,,2021-09-17
북구,말바우시장,우산건강원,885,도소매,광주광역시 북구 동문대로85번길 62(우산동),광주광역시 북구 우산동 185-23,35.17298741,126.920157,,,N,도소매,각종건강즙,,2021-09-17
북구,말바우시장,고흥식당,886,도소매,광주광역시 북구 동문대로85번길 62(우산동),광주광역시 북구 우산동 185-23,35.17298412,126.9201624,,,N,음식점,산닭튀김,,2021-09-17
북구,말바우시장,말바우신발,887,도소매,광주광역시 북구 동문대로85번길 62(우산동),광주광역시 북구 우산동 185-23,35.17297864,126.9201805,,,N,신발,신발,,2021-09-17
북구,말바우시장,통영굴수협22번,888,도소매,광주광역시 북구 동문대로85번길 62(우산동),광주광역시 북구 우산동 185-23,35.17297206,126.9201966,,,N,수산물,굴,,2021-09-17
북구,말바우시장,담양채소,889,도소매,광주광역시 북구 동문대로85번길 62(우산동),광주광역시 북구 우산동 185-23,35.17296822,126.9202147,,,N,채소,고사리,,2021-09-17
북구,말바우시장,무공해콩나물,890,도소매,광주광역시 북구 동문대로85번길 62(우산동),광주광역시 북구 우산동 185-23,35.17295945,126.9202469,,,N,채소,콩나물,,2021-09-17
북구,말바우시장,말바우간갈치,891,도소매,광주광역시 북구 동문대로85번길 62(우산동),광주광역시 북구 우산동 185-23,35.17287011,126.9200846,,,N,수산물,갈치,,2021-09-17
북구,말바우시장,화순건어물,892,도소매,광주광역시 북구 동문대로85번길 62(우산동),광주광역시 북구 우산동 185-23,35.17292821,126.9200859,,,N,건어물,"멸치,건새우",,2021-09-17
북구,말바우시장,번데기,893,도소매,광주광역시 북구 동문대로85번길 62(우산동),광주광역시 북구 우산동 185-23,35.1729441,126.9200973,,,N,번데기,번데기,,2021-09-17
북구,말바우시장,말바우전집,894,도소매,광주광역시 북구 동문대로85번길 62(우산동),광주광역시 북구 우산동 185-23,35.17295726,126.9200973,,,N,전집,"각종전,김치",,2021-09-17
북구,말바우시장,완도금일건어물,895,도소매,광주광역시 북구 동문대로85번길 62(우산동),광주광역시 북구 우산동 185-23,35.17296164,126.9201221,062-269-4672,,N,건어물,"멸치,건새우",,2021-09-17
북구,말바우시장,담양수산,896,도소매,광주광역시 북구 동문대로85번길 62(우산동),광주광역시 북구 우산동 185-23,35.17295421,126.9201653,,,N,수산물,"갈치,병어,조기",,2021-09-17
북구,말바우시장,자라봉국밥,897,음식점,광주광역시 북구 동문대로85번길 62(우산동),광주광역시 북구 우산동 185-23,35.1729434,126.9201835,062-268-3302,,N,한식,국밥,,2021-09-17
북구,말바우시장,미곡방앗간,898,도소매,광주광역시 북구 동문대로85번길 62(우산동),광주광역시 북구 우산동 185-23,35.17293867,126.9202116,062-263-5949,,N,방앗간,"참기름,참깨",,2021-09-17
북구,말바우시장,2층신발,899,도소매,광주광역시 북구 동문대로85번길 62(우산동),광주광역시 북구 우산동 185-23,35.17290826,126.9202331,,,N,신발,신발,,2021-09-17
북구,말바우시장,바우란제리,900,도소매,광주광역시 북구 동문대로85번길 62(우산동),광주광역시 북구 우산동 185-23,35.17287785,126.9202182,,,N,란제리,"속옷,모자",,2021-09-17
북구,말바우시장,바우화장품,901,도소매,광주광역시 북구 동문대로85번길 62(우산동),광주광역시 북구 우산동 185-23,35.17284676,126.9202149,,,N,화장품,화장품,,2021-09-17
북구,말바우시장,통일버섯,902,도소매,광주광역시 북구 동문대로85번길 62(우산동),광주광역시 북구 우산동 185-23,35.1729265,126.920343,,,N,야채,"버섯,오이,고추",,2021-09-17
북구,말바우시장,윤미생선,903,도소매,광주광역시 북구 동문대로85번길 62(우산동),광주광역시 북구 우산동 185-23,35.17296029,126.9203281,,,N,수산물,"조기,병어,게",,2021-09-17
북구,말바우시장,통일로약국,904,약국,광주광역시 북구 동문대로85번길 62(우산동),광주광역시 북구 우산동 185-23,35.17291907,126.9203166,062-268-1002,,N,약국,약국,,2021-09-17
북구,말바우시장,하니헤어샵,905,미용실,광주광역시 북구 동문대로85번길 62(우산동),광주광역시 북구 우산동 185-23,35.17287852,126.9202942,,,N,미용실,미용실,,2021-09-17
북구,말바우시장,기능성보정속옷,906,도소매,광주광역시 북구 동문대로85번길 62(우산동),광주광역시 북구 우산동 185-23,35.17283324,126.9202802,,,N,속옷,보정속옷,,2021-09-17
북구,말바우시장,한과배기,907,도소매,광주광역시 북구 중문로10번길 42-1,광주광역시 북구 우산동 185-19,35.17300808,126.9207028,062-470-5959,,Y,한과,한과,,2021-09-17
북구,말바우시장,바싹,908,도소매,광주광역시 북구 동문대로85번길 62(우산동),광주광역시 북구 우산동 185-23,35.17285244,126.9203373,062-470-5959,,Y,한과,한과,,2021-09-17
북구,말바우시장,남원상집,909,도소매,광주광역시 북구 동문대로85번길 62(우산동),광주광역시 북구 우산동 185-23,35.17286238,126.9203366,,,N,상집,"상,병풍",,2021-09-17
북구,말바우시장,여수수산,910,도소매,광주광역시 북구 동문대로85번길 62(우산동),광주광역시 북구 우산동 185-23,35.17286882,126.9203373,062-267-9038,,N,수산,홍어,,2021-09-17
북구,말바우시장,카페수,911,카페,광주광역시 북구 중문로10번길 36,광주광역시 북구 우산동 185-27,35.17320889,126.9203111,,,N,카페,커피,,2021-09-17
북구,말바우시장,고려제분소,912,한약방,광주광역시 북구 동문대로85번길 37,광주광역시 북구 우산동 189-4,35.17245151,126.921488,,,N,환/가루,"민들레,느릅나무",,2021-09-17
북구,말바우시장,또래분식,913,음식점,광주광역시 북구 동문대로85번길 39,광주광역시 북구 우산동 189-2,35.17250318,126.9213328,062-262-0632,,N,종합분식,"전, 떡볶이",,2021-09-17
북구,말바우시장,말바우제빵소,914,베이커리,광주광역시 북구 동문대로85번길 39 / 1층 제빵소,광주광역시 북구 우산동 189-2 / 1층 제빵소,35.17240784,126.9213272,,,Y,베이커리,빵,,2021-09-17
북구,말바우시장,보물섬,915,도소매,광주광역시 북구 동문대로85번길 39 / 1층 제빵소,광주광역시 북구 우산동 189-2 / 1층 제빵소,35.17239246,126.9213342,,,N,의류,생활복,,2021-09-17
북구,말바우시장,은영이네과일,916,도소매,광주광역시 북구 서방로 89,광주광역시 북구 우산동 232-11,35.17121391,126.9223547,,,Y,청과,"사과,배",,2021-09-17
북구,말바우시장,은주네,917,중고점,광주광역시 북구 서방로 89,광주광역시 북구 우산동 232-11,35.1712081,126.9224072,,,N,골동품,탁상,,2021-09-17
북구,말바우시장,잡화,918,도소매,광주광역시 북구 서방로 89,광주광역시 북구 우산동 232-11,35.171193,126.9223817,,,N,잡화,"고무장갑, 수세미",,2021-09-17
북구,말바우시장,준우네상점,919,도소매,광주광역시 북구 서방로 89,광주광역시 북구 우산동 232-11,35.17116513,126.9223973,,,N,청과,"사과, 배",,2021-09-17
북구,말바우시장,찹쌀도너츠,920,베이커리,광주광역시 북구 서방로 89,광주광역시 북구 우산동 232-11,35.17115235,126.9223674,,,N,베이커리,찹쌀도너츠,,2021-09-17
북구,말바우시장,하남배추,921,도소매,광주광역시 북구 서방로 89,광주광역시 북구 우산동 232-11,35.17123827,126.9221311,,,N,도소매,배추,,2021-09-17
북구,말바우시장,호남홍어,922,수산물,광주광역시 북구 서방로 89,광주광역시 북구 우산동 232-11,35.17121871,126.9221898,,,N,수산물,홍어,,2021-09-17
북구,말바우시장,홍영숙란제리,923,도소매,광주광역시 북구 서방로 89,광주광역시 북구 우산동 232-11,35.17114224,126.9223313,,,N,도소매,"속옷,란제리",,2021-09-17
북구,말바우시장,화순의류,924,의류,광주광역시 북구 서방로 89,광주광역시 북구 우산동 232-11,35.17118492,126.922564,,,N,의류,생활복,,2021-09-17
북구,말바우시장,황금벼슬,925,음식점,광주광역시 북구 동문대로85번길 33,광주광역시 북구 우산동 189-6,35.17243248,126.9216658,062-523-8584,,N,음식점,"고기,육류",,2021-09-17
북구,말바우시장,꿈을파는빈티지샵,926,도소매,광주광역시 북구 서방로 55,광주광역시 북구 우산동 172-18,35.17286399,126.919112,,,N,도소매,옷,,2021-09-17
북구,말바우시장,은하방의상실,927,도소매,광주광역시 북구 중문로10번길 15-2,광주광역시 북구 우산동 174-24,35.17359622,126.9194118,,,N,도소매,옷,,2021-09-17
북구,말바우시장,미농농약사,928,도소매,광주광역시 북구 중문로10번길 21-1,광주광역시 북구 우산동 174-23,35.17349159,126.9195332,062-261-9734,,N,도소매,농약,,2021-09-17
북구,말바우시장,성현컴퓨터세탁,929,세탁,광주광역시 북구 중문로10번길 21-1,광주광역시 북구 우산동 174-23,35.17348341,126.9195217,062-266-6934,,N,세탁,빨래,,2021-09-17
북구,말바우시장,은진의상,930,도소매,광주광역시 북구 중문로10번길 25-2,광주광역시 북구 우산동 174-16,35.17347516,126.9199396,062-264-5983,,N,도소매,옷,,2021-09-17
북구,말바우시장,영광식당,931,음식점,광주광역시 북구 중문로10번길 30,광주광역시 북구 우산동 173-31,35.17333025,126.9200241,,,N,음식점,닭음식,,2021-09-17
북구,말바우시장,고흥어부네회수산,932,음식점,광주광역시 북구 동문대로85번길 7,광주광역시 북구 우산동 232-3,35.17168523,126.922758,062-262-3777,,N,음식점,회,,2021-09-17
북구,말바우시장,완도아저씨,933,도소매,광주광역시 북구 동문대로85번길 7,광주광역시 북구 우산동 232-3,35.1717011,126.9227527,,,N,도소매,"멸치, 건어물",,2021-09-17
북구,말바우시장,옛날팥죽,934,음식점,광주광역시 북구 동문대로 93,광주광역시 북구 우산동 231-32,35.17179224,126.9220235,,,N,음식점,팥죽,,2021-09-17
북구,말바우시장,고향식당,935,음식점,광주광역시 북구 동문대로 93,광주광역시 북구 우산동 231-32,35.1718958,126.9221001,062-264-1203,,N,음식점,"닭백숙, 상겹살,잔치국수",,2021-09-17
